 TIME                    	TTop                     	T2                       	T3                       	T4                       	T5                       	TBottom                  	TDHW                     	QAux                     	mdDHW                    	mdTank                   	mdByPass                 	
  +5.0880000000000000E+03	  +1.4036910583010846E+05	  +1.3996323872602501E+05	  +1.3931503740271417E+05	  +1.3802527807932248E+05	  +1.3433391607092074E+05	  +1.1922915271837053E+05	  +1.1362378165284374E+05	  +2.2979875831770341E+03	  +1.6266666008942810E+04	  +3.4868123954329358E+03	  +1.2779853186789262E+04	
